"Date ","series ","OPEN ","HIGH ","LOW ","PREV. CLOSE ","ltp ","close ","vwap ","52W H ","52W L ","VOLUME ","VALUE ","No of trades "
"02-Jun-2023","EQ","412.05","421.90","412.05","406.35","420.30","420.75","417.07","504.00","308.95","11,695,310","4,877,809,960.25","97,308"
"01-Jun-2023","EQ","409.05","414.40","405.90","405.90","406.75","406.35","408.99","504.00","308.95","4,269,628","1,746,232,236.15","47,238"
"31-May-2023","EQ","410.50","410.70","404.35","413.10","407.50","405.90","406.53","504.00","308.95","22,945,527","9,328,094,378.75","123,809"
"30-May-2023","EQ","421.50","421.50","411.60","419.90","413.65","413.10","414.49","504.00","308.95","5,596,603","2,319,716,532.05","61,382"
"29-May-2023","EQ","417.00","425.00","415.50","413.55","419.70","419.90","421.53","504.00","308.95","8,350,721","3,520,113,002.60","88,755"
"26-May-2023","EQ","405.10","415.30","403.10","404.25","413.05","413.55","411.73","504.00","308.95","6,401,768","2,635,831,537.85","66,466"
"25-May-2023","EQ","404.50","405.75","397.80","406.90","403.80","404.25","402.02","504.00","308.95","8,018,242","3,223,527,091.55","89,409"
"24-May-2023","EQ","408.90","410.50","403.60","410.30","406.95","406.90","406.76","504.00","308.95","7,866,105","3,199,590,706.75","79,246"
"23-May-2023","EQ","409.20","413.80","406.90","407.70","409.95","410.30","411.06","504.00","308.95","3,690,618","1,517,077,228.60","59,567"
"22-May-2023","EQ","406.00","409.00","402.70","406.75","409.00","407.70","405.60","504.00","308.95","4,237,198","1,718,595,781.75","53,803"
"19-May-2023","EQ","408.00","408.40","400.40","406.50","407.75","406.75","404.35","504.00","308.95","5,523,299","2,233,343,357.80","67,823"
"18-May-2023","EQ","411.00","413.40","405.65","407.70","407.90","406.50","409.43","504.00","308.95","4,078,918","1,670,046,145.95","55,184"
"17-May-2023","EQ","411.80","413.40","405.55","412.45","408.00","407.70","408.53","504.00","308.95","3,727,878","1,522,955,911.00","53,533"
"16-May-2023","EQ","413.60","417.70","411.00","410.70","412.80","412.45","413.85","504.00","308.95","4,010,692","1,659,840,199.15","50,722"
"15-May-2023","EQ","408.50","412.85","404.35","404.75","410.80","410.70","409.34","504.00","308.95","5,148,782","2,107,596,874.20","67,218"
"12-May-2023","EQ","419.00","419.00","403.80","420.85","405.80","404.75","407.78","504.00","308.95","11,152,831","4,547,850,440.90","182,872"
"11-May-2023","EQ","434.00","434.00","419.55","436.45","421.20","420.85","422.11","504.00","308.95","11,081,500","4,677,557,040.85","183,327"
"10-May-2023","EQ","441.00","442.85","433.65","440.35","438.05","436.45","437.92","504.00","308.95","3,075,599","1,346,854,339.85","35,645"
"09-May-2023","EQ","444.55","446.70","439.20","445.05","440.90","440.35","442.66","504.00","308.95","2,941,913","1,302,276,932.45","40,484"
"08-May-2023","EQ","438.25","446.90","436.20","434.25","445.55","445.05","443.10","504.00","308.95","4,090,222","1,812,382,981.90","49,994"
"05-May-2023","EQ","443.00","443.50","432.65","445.50","435.00","434.25","438.78","504.00","308.95","3,034,975","1,331,687,415.15","49,867"
"04-May-2023","EQ","445.00","446.45","440.50","442.30","444.80","445.50","444.73","504.00","308.95","3,100,187","1,378,756,605.65","48,003"
"03-May-2023","EQ","441.00","443.90","434.25","446.15","441.50","442.30","439.27","504.00","308.95","4,826,725","2,120,240,166.60","62,551"
"02-May-2023","EQ","439.00","449.90","438.00","436.10","446.00","446.15","445.63","504.00","308.95","5,178,547","2,307,714,060.20","78,416"
"28-Apr-2023","EQ","433.50","437.00","430.90","430.80","435.50","436.10","434.05","508.50","308.95","4,913,550","2,132,723,158.45","47,290"
"27-Apr-2023","EQ","425.00","431.45","422.05","424.80","430.75","430.80","428.63","508.50","308.95","3,271,257","1,402,171,064.40","44,758"
"26-Apr-2023","EQ","425.60","427.00","422.10","429.80","424.95","424.80","424.20","508.50","308.95","5,184,973","2,199,462,210.35","50,682"
"25-Apr-2023","EQ","425.00","431.70","425.00","427.80","429.25","429.80","429.40","508.50","308.95","3,648,159","1,566,503,478.90","53,706"
"24-Apr-2023","EQ","419.00","428.95","418.35","422.35","428.00","427.80","424.66","508.50","308.95","2,308,450","980,299,254.05","41,053"
"21-Apr-2023","EQ","430.00","430.85","419.00","429.85","422.60","422.35","422.28","556.20","308.95","5,139,533","2,170,297,232.10","83,610"
"20-Apr-2023","EQ","431.90","435.70","428.05","433.05","428.60","429.85","432.78","556.20","308.95","3,830,118","1,657,589,290.85","44,562"
"19-Apr-2023","EQ","434.40","437.35","431.30","431.55","432.70","433.05","434.12","556.20","308.95","5,982,454","2,597,075,444.50","60,854"
"18-Apr-2023","EQ","430.00","433.00","427.90","428.70","430.70","431.55","430.90","556.20","308.95","4,866,068","2,096,782,265.35","43,769"
"17-Apr-2023","EQ","422.35","429.15","421.60","422.05","428.50","428.70","425.95","556.20","308.95","6,920,340","2,947,713,653.60","93,653"
"13-Apr-2023","EQ","418.05","422.75","415.35","417.65","422.20","422.05","419.64","587.45","308.95","6,368,113","2,672,345,040.60","68,376"
"12-Apr-2023","EQ","419.90","422.40","415.60","417.55","417.50","417.65","418.55","587.45","308.95","4,701,591","1,967,870,070.25","65,869"
"11-Apr-2023","EQ","412.90","418.05","411.15","411.45","417.50","417.55","415.57","587.45","308.95","4,965,642","2,063,563,026.45","57,305"
"10-Apr-2023","EQ","406.80","413.85","405.50","405.25","410.70","411.45","410.57","587.45","308.95","5,327,008","2,187,086,396.75","62,407"
"06-Apr-2023","EQ","401.00","406.50","398.75","403.30","404.50","405.25","403.70","590.95","308.95","4,174,551","1,685,256,167.20","47,117"
"05-Apr-2023","EQ","402.00","404.60","394.30","402.55","402.65","403.30","400.72","590.95","308.95","5,607,641","2,247,075,773.75","68,547"
"03-Apr-2023","EQ","406.50","406.90","399.55","405.35","402.25","402.55","402.06","590.95","308.95","5,200,766","2,091,036,628.30","83,017"
"31-Mar-2023","EQ","404.05","410.30","401.10","399.05","403.20","405.35","405.82","636.00","308.95","7,468,634","3,030,956,684.95","153,206"
"29-Mar-2023","EQ","394.90","400.90","389.90","392.90","399.00","399.05","394.16","636.00","308.95","6,959,623","2,743,227,938.90","83,017"
"28-Mar-2023","EQ","393.00","399.80","391.75","389.95","392.95","392.90","395.18","636.00","308.95","6,424,209","2,538,740,694.60","70,293"
"27-Mar-2023","EQ","390.00","396.60","389.40","388.40","389.55","389.95","392.80","636.00","308.95","7,066,058","2,775,521,149.05","86,069"
"24-Mar-2023","EQ","400.80","401.00","386.15","398.80","388.00","388.40","391.44","636.00","308.95","8,833,099","3,457,584,852.85","86,717"
"23-Mar-2023","EQ","387.00","400.65","386.00","392.75","398.60","398.80","397.07","636.00","308.95","10,453,779","4,150,859,824.00","92,029"
"22-Mar-2023","EQ","390.10","396.75","388.25","388.55","392.25","392.75","393.07","636.00","308.95","6,511,605","2,559,489,239.75","98,949"
"21-Mar-2023","EQ","387.70","390.60","384.95","385.75","388.30","388.55","387.32","636.00","308.95","6,080,002","2,354,922,361.20","91,870"
"20-Mar-2023","EQ","393.75","394.05","381.00","396.70","386.25","385.75","385.42","636.00","308.95","6,331,283","2,440,194,585.30","87,755"
"17-Mar-2023","EQ","389.25","398.05","386.55","384.95","396.25","396.70","392.94","636.00","308.95","9,861,244","3,874,909,589.55","93,479"
"16-Mar-2023","EQ","400.60","400.85","383.10","406.15","385.50","384.95","387.07","636.00","308.95","16,739,755","6,479,511,813.40","203,714"
"15-Mar-2023","EQ","407.95","412.75","405.00","402.70","405.15","406.15","408.71","636.00","308.95","5,681,268","2,321,985,314.50","62,659"
"14-Mar-2023","EQ","404.30","407.95","399.45","402.25","403.60","402.70","403.30","636.00","308.95","5,841,181","2,355,743,987.00","81,736"
"13-Mar-2023","EQ","409.00","414.95","398.50","405.65","403.80","402.25","406.22","636.00","308.95","5,962,595","2,422,120,999.25","76,984"
"10-Mar-2023","EQ","403.00","409.50","395.40","408.85","406.20","405.65","404.89","636.00","308.95","5,239,128","2,121,251,166.90","69,010"
"09-Mar-2023","EQ","411.00","418.50","408.00","407.75","408.85","408.85","412.73","636.00","308.95","6,982,179","2,881,786,557.70","86,825"
"08-Mar-2023","EQ","409.95","409.95","396.10","414.50","408.75","407.75","405.54","636.00","308.95","7,044,653","2,856,882,943.30","88,360"
"06-Mar-2023","EQ","419.00","422.20","413.90","416.90","414.50","414.50","417.25","636.00","308.95","5,071,598","2,116,126,107.25","74,017"
"03-Mar-2023","EQ","413.20","419.35","412.20","410.80","418.50","416.90","416.11","636.00","308.95","5,102,333","2,123,134,572.90","60,197"
"02-Mar-2023","EQ","415.00","416.80","408.00","413.05","410.45","410.80","411.39","636.00","308.95","4,804,013","1,976,312,258.20","74,037"
"01-Mar-2023","EQ","402.00","414.90","401.65","399.20","413.90","413.05","410.99","636.00","308.95","7,935,816","3,261,514,824.80","130,191"
"28-Feb-2023","EQ","413.50","413.90","398.00","411.80","399.45","399.20","401.71","636.00","308.95","12,174,759","4,890,761,949.15","127,358"
"27-Feb-2023","EQ","415.00","415.00","401.50","415.25","412.00","411.80","407.33","636.00","308.95","8,301,373","3,381,405,567.25","114,227"
"24-Feb-2023","EQ","438.00","438.00","414.25","436.45","415.85","415.25","419.46","636.00","308.95","10,814,032","4,536,059,569.75","131,427"
"23-Feb-2023","EQ","430.40","438.50","430.10","429.70","437.40","436.45","434.50","636.00","308.95","5,037,774","2,188,911,276.05","74,437"
"22-Feb-2023","EQ","430.50","434.50","426.75","431.50","429.50","429.70","431.17","636.00","308.95","5,276,939","2,275,233,470.35","64,063"
"21-Feb-2023","EQ","437.75","438.30","430.00","434.25","432.00","431.50","434.27","636.00","308.95","3,761,409","1,633,455,866.05","69,596"
"20-Feb-2023","EQ","429.90","435.55","429.00","429.50","433.50","434.25","432.79","636.00","308.95","3,749,802","1,622,875,751.20","54,690"
"17-Feb-2023","EQ","434.75","438.00","426.60","434.70","430.00","429.50","431.99","636.00","308.95","4,014,137","1,734,081,409.15","55,028"
"16-Feb-2023","EQ","436.90","438.00","433.00","433.95","434.75","434.70","435.18","636.00","308.95","4,282,249","1,863,546,751.00","68,119"
"15-Feb-2023","EQ","435.50","437.25","430.60","434.80","433.80","433.95","433.97","636.00","308.95","3,623,450","1,572,460,444.25","59,269"
"14-Feb-2023","EQ","429.50","435.25","425.35","427.70","435.00","434.80","431.32","636.00","308.95","3,951,666","1,704,438,993.55","64,140"
"13-Feb-2023","EQ","434.50","439.80","426.55","433.15","427.70","427.70","431.92","636.00","308.95","6,437,475","2,780,484,516.05","78,611"
"10-Feb-2023","EQ","444.55","444.95","431.00","444.55","433.80","433.15","434.81","636.00","308.95","6,648,361","2,890,744,622.55","83,928"
"09-Feb-2023","EQ","437.00","447.70","431.75","436.50","446.10","444.55","439.73","636.00","308.95","11,431,814","5,026,885,774.05","125,967"
"08-Feb-2023","EQ","432.00","439.80","432.00","429.55","435.50","436.50","436.03","636.00","308.95","6,121,515","2,669,182,674.20","92,093"
"07-Feb-2023","EQ","440.00","441.90","425.50","447.35","429.35","429.55","431.38","636.00","308.95","16,652,967","7,183,789,348.15","244,636"
"06-Feb-2023","EQ","457.00","457.00","446.00","459.65","446.75","447.35","450.27","636.00","308.95","4,398,369","1,980,462,766.10","64,940"
"03-Feb-2023","EQ","467.75","468.95","450.20","465.40","458.50","459.65","457.56","636.00","308.95","5,707,642","2,611,599,177.40","82,161"
"02-Feb-2023","EQ","467.00","471.00","460.80","467.85","466.00","465.40","465.96","636.00","308.95","3,356,544","1,564,025,591.65","70,308"
"01-Feb-2023","EQ","473.00","480.60","454.60","468.40","467.60","467.85","472.15","636.00","308.95","6,075,062","2,868,331,086.75","93,318"
"31-Jan-2023","EQ","474.95","476.35","465.50","472.35","469.00","468.40","470.78","636.00","308.95","5,679,604","2,673,862,417.80","91,024"
"30-Jan-2023","EQ","479.00","483.35","463.95","479.00","471.70","472.35","470.94","636.00","308.95","5,804,476","2,733,546,595.70","86,991"
"27-Jan-2023","EQ","493.50","494.80","467.95","489.10","479.00","479.00","480.67","636.00","308.95","4,591,590","2,207,027,519.60","75,669"
"25-Jan-2023","EQ","484.10","495.80","484.10","484.65","489.00","489.10","489.52","636.00","308.95","7,341,066","3,593,602,539.70","111,236"
"24-Jan-2023","EQ","496.70","497.90","483.55","494.20","484.05","484.65","488.84","636.00","308.95","3,293,586","1,610,027,555.95","70,599"
"23-Jan-2023","EQ","494.00","500.35","491.20","489.95","493.45","494.20","496.15","636.00","308.95","5,559,031","2,758,124,719.80","74,009"
"20-Jan-2023","EQ","498.00","501.55","488.25","498.90","490.50","489.95","494.83","636.00","308.95","5,664,588","2,803,002,342.95","66,777"
"19-Jan-2023","EQ","493.15","503.00","491.00","502.95","498.80","498.90","498.10","636.00","308.95","7,945,795","3,957,809,999.00","107,718"
"18-Jan-2023","EQ","488.50","504.00","488.50","487.90","502.20","502.95","498.46","636.00","308.95","12,045,667","6,004,244,923.65","152,628"
"17-Jan-2023","EQ","481.75","489.30","476.95","483.05","487.30","487.90","483.61","636.00","308.95","7,819,426","3,781,551,071.80","92,103"
"16-Jan-2023","EQ","490.95","492.70","481.25","488.50","483.00","483.05","484.64","636.00","308.95","3,294,109","1,596,450,369.30","55,779"
"13-Jan-2023","EQ","487.65","490.00","482.65","485.65","487.45","488.50","487.04","636.00","308.95","7,445,162","3,626,080,066.40","80,425"
"12-Jan-2023","EQ","495.00","495.60","482.20","490.95","485.50","485.65","485.98","636.00","308.95","7,278,634","3,537,278,671.00","79,902"
"11-Jan-2023","EQ","481.90","493.45","481.00","477.55","490.80","490.95","488.17","636.00","308.95","11,383,752","5,557,262,802.40","125,754"
"10-Jan-2023","EQ","478.00","480.50","473.30","470.75","477.25","477.55","476.71","636.00","308.95","7,092,319","3,380,997,195.50","88,442"
"09-Jan-2023","EQ","471.00","474.00","466.20","462.65","470.00","470.75","470.83","636.00","308.95","6,047,398","2,847,317,393.65","103,836"
"06-Jan-2023","EQ","467.00","474.00","461.10","465.70","463.95","462.65","467.41","636.00","308.95","6,004,013","2,806,351,920.80","75,800"
"05-Jan-2023","EQ","463.25","467.45","458.65","461.50","465.20","465.70","463.31","636.00","308.95","7,087,634","3,283,767,407.30","86,673"
"04-Jan-2023","EQ","477.00","477.45","460.00","479.90","460.45","461.50","465.13","636.00","308.95","9,899,885","4,604,696,461.95","118,644"
"03-Jan-2023","EQ","486.50","488.45","478.50","487.05","478.75","479.90","483.36","636.00","308.95","5,906,501","2,854,947,436.90","73,113"
"02-Jan-2023","EQ","475.95","491.00","475.15","473.35","486.50","487.05","485.89","636.00","308.95","11,255,811","5,469,070,952.55","157,286"
"30-Dec-2022","EQ","473.95","482.30","471.80","469.90","473.75","473.35","477.08","636.00","308.95","8,024,424","3,828,287,441.65","82,377"
"29-Dec-2022","EQ","459.30","472.20","455.25","465.95","471.70","469.90","462.79","636.00","308.95","8,427,104","3,899,951,556.35","90,928"
"28-Dec-2022","EQ","467.65","473.70","463.95","471.00","466.20","465.95","468.45","636.00","308.95","7,519,133","3,522,314,968.35","94,157"
"27-Dec-2022","EQ","447.95","472.40","446.75","442.95","470.00","471.00","462.97","636.00","308.95","13,898,138","6,434,442,120.40","161,148"
"26-Dec-2022","EQ","431.00","445.40","429.10","429.55","442.40","442.95","440.19","636.00","308.95","3,939,359","1,734,082,792.05","46,917"
"23-Dec-2022","EQ","452.90","452.90","427.60","455.50","432.00","429.55","437.71","636.00","308.95","7,766,201","3,399,325,193.50","87,706"
"22-Dec-2022","EQ","459.45","463.00","447.20","457.15","456.05","455.50","453.60","636.00","308.95","4,435,416","2,011,892,540.65","52,329"
"21-Dec-2022","EQ","459.30","463.90","451.90","457.05","455.40","457.15","458.26","636.00","308.95","5,557,133","2,546,613,716.65","64,881"
"20-Dec-2022","EQ","458.00","459.25","444.25","460.15","457.75","457.05","450.32","636.00","308.95","7,580,480","3,413,640,107.55","96,950"
"19-Dec-2022","EQ","459.00","463.00","455.05","456.75","459.55","460.15","459.01","636.00","308.95","3,690,005","1,693,734,333.10","64,533"
"16-Dec-2022","EQ","458.00","462.75","452.55","461.00","456.00","456.75","457.59","636.00","308.95","6,460,140","2,956,098,014.70","57,067"
"15-Dec-2022","EQ","467.00","470.65","459.00","469.30","461.25","461.00","464.09","636.00","308.95","3,986,930","1,850,281,583.95","57,276"
"14-Dec-2022","EQ","461.65","470.95","461.05","458.10","469.10","469.30","468.21","636.00","308.95","6,639,699","3,108,785,251.80","82,732"
"13-Dec-2022","EQ","464.30","466.00","457.30","461.95","457.80","458.10","460.00","636.00","308.95","4,359,377","2,005,309,013.85","48,264"
"12-Dec-2022","EQ","459.00","466.95","454.45","462.85","462.00","461.95","461.40","636.00","308.95","4,809,486","2,219,103,863.90","57,365"
"09-Dec-2022","EQ","474.00","476.00","461.90","471.65","463.60","462.85","469.10","636.00","308.95","5,405,738","2,535,836,622.65","76,487"
"08-Dec-2022","EQ","465.05","472.95","461.30","464.30","471.90","471.65","468.62","636.00","308.95","4,902,003","2,297,158,381.85","74,267"
"07-Dec-2022","EQ","470.00","472.10","463.10","470.00","464.75","464.30","466.26","636.00","308.95","5,510,513","2,569,312,392.75","69,367"
"06-Dec-2022","EQ","477.50","477.50","467.20","481.20","468.65","470.00","471.11","636.00","308.95","7,409,338","3,490,583,750.70","92,245"
"05-Dec-2022","EQ","466.15","483.85","466.15","461.10","482.00","481.20","476.35","636.00","308.95","14,599,958","6,954,657,618.55","173,718"
"02-Dec-2022","EQ","463.30","470.40","458.00","463.40","461.10","461.10","464.75","636.00","308.95","6,621,056","3,077,112,257.95","88,658"
"01-Dec-2022","EQ","455.00","466.50","454.05","450.70","463.30","463.40","463.32","636.00","308.95","13,243,436","6,135,975,851.15","139,720"
"30-Nov-2022","EQ","438.75","451.95","438.15","435.95","449.85","450.70","448.13","636.00","308.95","13,921,394","6,238,620,644.10","119,346"
"29-Nov-2022","EQ","433.00","440.90","432.25","431.15","435.60","435.95","437.86","636.00","308.95","6,518,828","2,854,320,203.80","63,852"
"28-Nov-2022","EQ","435.00","436.50","429.00","440.65","431.20","431.15","431.37","636.00","308.95","5,613,201","2,421,362,864.65","75,873"
"25-Nov-2022","EQ","438.00","441.80","434.35","438.35","440.25","440.65","439.36","636.00","308.95","4,800,030","2,108,938,530.25","51,545"
"24-Nov-2022","EQ","435.55","439.60","432.65","433.35","438.40","438.35","435.34","636.00","308.95","4,733,568","2,060,688,180.50","62,388"
"23-Nov-2022","EQ","434.50","439.30","431.55","430.65","432.65","433.35","434.21","636.00","308.95","6,031,033","2,618,764,708.60","80,451"
"22-Nov-2022","EQ","432.75","436.35","429.00","430.55","430.45","430.65","432.98","636.00","308.95","6,108,017","2,644,649,473.90","68,444"
"21-Nov-2022","EQ","439.80","444.45","428.40","438.60","430.10","430.55","432.37","636.00","308.95","6,372,470","2,755,235,450.45","73,150"
"18-Nov-2022","EQ","440.50","443.90","434.45","440.45","438.20","438.60","438.59","636.00","308.95","6,128,677","2,687,975,742.35","61,969"
"17-Nov-2022","EQ","443.45","444.40","436.50","447.40","439.85","440.45","440.13","636.00","308.95","6,533,823","2,875,709,639.00","78,181"
"16-Nov-2022","EQ","455.55","455.55","444.15","456.90","446.20","447.40","449.27","636.00","308.95","7,137,989","3,206,866,274.95","90,714"
"15-Nov-2022","EQ","456.00","460.55","449.55","455.55","456.20","456.90","455.15","636.00","308.95","11,841,577","5,389,723,971.35","121,958"
"14-Nov-2022","EQ","435.00","458.65","434.05","429.85","454.60","455.55","451.44","636.00","308.95","30,135,088","13,604,235,651.80","387,014"
"11-Nov-2022","EQ","420.35","431.80","420.30","415.10","428.35","429.85","428.14","636.00","308.95","14,060,782","6,019,931,875.60","128,758"
"10-Nov-2022","EQ","415.30","420.40","412.75","417.10","414.80","415.10","416.13","636.00","308.95","5,574,432","2,319,693,755.80","69,473"
"09-Nov-2022","EQ","430.10","433.00","415.60","437.50","416.75","417.10","419.84","636.00","308.95","13,898,567","5,835,221,434.95","148,564"
"07-Nov-2022","EQ","432.00","438.90","426.30","430.55","437.00","437.50","435.17","636.00","308.95","9,887,999","4,302,912,856.05","121,001"
"04-Nov-2022","EQ","412.45","432.00","412.00","410.35","430.05","430.55","423.50","636.00","308.95","13,317,485","5,639,951,857.75","136,925"
"03-Nov-2022","EQ","415.00","415.90","408.95","421.30","411.00","410.35","412.03","636.00","308.95","7,304,472","3,009,671,089.85","80,552"
"02-Nov-2022","EQ","414.75","426.85","414.00","414.40","421.00","421.30","423.42","636.00","308.95","11,554,760","4,892,480,829.15","132,153"
"01-Nov-2022","EQ","406.00","415.00","406.00","405.65","414.65","414.40","412.03","636.00","308.95","7,483,252","3,083,331,328.00","67,037"
"31-Oct-2022","EQ","405.00","408.75","403.00","404.95","405.50","405.65","405.33","636.00","308.95","4,257,977","1,725,881,069.75","55,595"
"28-Oct-2022","EQ","412.50","412.50","399.75","412.40","404.50","404.95","404.53","636.00","308.95","6,569,623","2,657,620,327.50","74,915"
"27-Oct-2022","EQ","408.00","413.40","405.35","398.40","412.50","412.40","410.66","636.00","308.95","9,752,346","4,004,885,350.70","94,958"
"25-Oct-2022","EQ","394.40","402.80","391.50","395.55","397.80","398.40","399.08","636.00","308.95","6,156,624","2,456,976,197.95","69,145"
"24-Oct-2022","EQ","395.00","398.85","394.35","393.75","395.45","395.55","396.49","636.00","308.95","793,366","314,562,554.80","12,604"
"21-Oct-2022","EQ","397.20","398.05","386.25","395.20","392.10","393.75","391.76","636.00","308.95","7,988,528","3,129,547,388.90","70,794"
"20-Oct-2022","EQ","383.00","396.70","380.10","390.30","396.70","395.20","389.82","636.00","308.95","8,222,063","3,205,086,721.10","85,301"
"19-Oct-2022","EQ","394.00","398.10","389.50","393.45","390.00","390.30","394.01","636.00","308.95","6,208,852","2,446,353,613.80","66,227"
"18-Oct-2022","EQ","391.50","398.40","391.35","388.30","394.00","393.45","395.07","636.00","308.95","7,081,590","2,797,724,652.55","91,188"
"17-Oct-2022","EQ","395.05","395.90","386.30","397.15","388.50","388.30","390.77","636.00","308.95","8,966,396","3,503,840,396.80","85,711"
"14-Oct-2022","EQ","411.25","411.25","396.40","401.55","398.70","397.15","403.64","636.00","308.95","6,115,990","2,468,649,279.35","69,559"
"13-Oct-2022","EQ","411.00","416.50","400.00","400.20","401.00","401.55","406.57","636.00","308.95","16,565,725","6,735,150,179.90","160,406"
"12-Oct-2022","EQ","398.05","401.40","391.75","396.05","400.65","400.20","397.86","636.00","308.95","6,584,436","2,619,670,154.15","61,032"
"11-Oct-2022","EQ","403.00","412.45","393.90","407.50","395.20","396.05","401.69","636.00","308.95","7,054,654","2,833,755,681.30","92,140"
"10-Oct-2022","EQ","403.50","409.15","400.00","411.10","407.25","407.50","404.85","636.00","308.95","6,519,737","2,639,523,822.85","70,335"
"07-Oct-2022","EQ","409.95","411.95","405.80","412.65","411.10","411.10","409.18","636.00","308.95","5,241,693","2,144,816,593.80","80,357"
"06-Oct-2022","EQ","402.00","413.95","399.40","394.05","412.30","412.65","408.62","636.00","308.95","11,758,976","4,805,008,065.75","149,260"
"04-Oct-2022","EQ","396.00","400.90","390.30","380.95","393.80","394.05","394.42","636.00","308.95","9,017,446","3,556,685,543.30","97,722"
"03-Oct-2022","EQ","389.00","389.45","379.10","390.55","380.95","380.95","382.23","636.00","308.95","8,504,297","3,250,633,859.20","116,686"
"30-Sep-2022","EQ","376.00","395.35","375.15","371.20","391.90","390.55","385.58","636.00","308.95","17,706,821","6,827,367,123.35","175,266"
"29-Sep-2022","EQ","366.75","376.90","366.00","360.75","372.50","371.20","373.35","636.00","308.95","14,020,084","5,234,421,398.55","168,679"
"28-Sep-2022","EQ","368.00","372.10","358.80","373.60","359.95","360.75","366.29","636.00","308.95","10,751,444","3,938,161,477.15","137,333"
"27-Sep-2022","EQ","375.30","379.95","365.10","373.40","372.70","373.60","371.24","636.00","308.95","14,934,966","5,544,472,190.45","134,596"
"26-Sep-2022","EQ","390.00","390.00","369.60","396.35","373.15","373.40","376.56","636.00","308.95","13,092,570","4,930,147,637.45","183,698"
"23-Sep-2022","EQ","410.70","412.70","394.45","412.10","395.50","396.35","401.49","636.00","308.95","9,228,856","3,705,295,354.00","115,008"
"22-Sep-2022","EQ","409.00","415.00","403.50","411.35","412.50","412.10","409.77","636.00","308.95","8,704,463","3,566,857,675.90","92,186"
"21-Sep-2022","EQ","417.90","423.90","410.80","421.45","411.75","411.35","415.85","636.00","308.95","6,859,320","2,852,472,680.75","76,035"
"20-Sep-2022","EQ","416.00","427.50","415.80","412.15","420.00","421.45","423.58","636.00","308.95","8,758,050","3,709,744,395.65","90,615"
"19-Sep-2022","EQ","414.60","416.25","405.65","412.50","411.45","412.15","412.29","636.00","308.95","6,080,201","2,506,814,515.85","82,618"
"16-Sep-2022","EQ","424.00","424.30","405.80","424.40","413.75","412.50","414.31","636.00","308.95","14,826,674","6,142,906,244.95","138,253"
"15-Sep-2022","EQ","439.50","439.50","423.75","442.00","424.90","424.40","428.62","636.00","308.95","13,039,806","5,589,105,429.45","172,135"
"14-Sep-2022","EQ","426.00","447.90","424.10","436.65","441.00","442.00","438.09","636.00","308.95","12,387,075","5,426,670,925.35","132,852"
"13-Sep-2022","EQ","432.25","439.30","432.25","431.15","436.50","436.65","436.77","636.00","308.95","7,628,228","3,331,814,444.50","79,136"
"12-Sep-2022","EQ","432.00","432.90","428.65","426.00","431.00","431.15","431.14","636.00","308.95","5,530,132","2,384,259,599.20","70,338"
"09-Sep-2022","EQ","426.00","430.65","423.25","420.55","426.45","426.00","427.30","636.00","308.95","8,000,436","3,418,583,119.00","96,216"
"08-Sep-2022","EQ","435.50","436.95","419.15","432.85","420.00","420.55","425.11","636.00","308.95","12,076,714","5,133,981,609.55","140,866"
"07-Sep-2022","EQ","424.25","433.55","422.70","430.95","430.60","432.85","428.09","636.00","308.95","7,043,379","3,015,203,355.50","77,764"
"06-Sep-2022","EQ","430.45","432.90","427.10","429.30","431.30","430.95","430.26","636.00","308.95","6,180,669","2,659,289,382.30","65,282"
"05-Sep-2022","EQ","415.00","430.20","415.00","414.90","428.80","429.30","426.48","636.00","308.95","14,707,728","6,272,601,912.35","156,984"
"02-Sep-2022","EQ","424.10","425.20","413.25","421.95","414.70","414.90","416.91","636.00","308.95","10,102,220","4,211,678,760.80","133,307"
"01-Sep-2022","EQ","424.00","431.60","420.80","439.00","423.00","421.95","425.05","636.00","308.95","14,093,149","5,990,228,284.50","159,718"
"30-Aug-2022","EQ","434.00","441.60","433.35","430.20","438.00","439.00","438.15","636.00","308.95","8,824,878","3,866,587,602.45","74,022"
"29-Aug-2022","EQ","418.05","433.00","418.05","440.05","431.20","430.20","427.12","636.00","308.95","7,716,457","3,295,877,461.00","81,278"
"26-Aug-2022","EQ","436.20","445.45","436.00","432.75","441.00","440.05","441.41","636.00","308.95","11,051,127","4,878,120,279.65","116,679"
"25-Aug-2022","EQ","430.95","436.75","429.70","428.85","434.00","432.75","434.02","636.00","308.95","6,818,164","2,959,244,165.50","75,604"
"24-Aug-2022","EQ","430.00","432.15","425.20","427.90","429.00","428.85","428.96","636.00","308.95","6,538,727","2,804,873,417.25","72,004"
"23-Aug-2022","EQ","415.05","431.80","413.85","418.50","429.00","427.90","426.64","636.00","308.95","8,605,014","3,671,263,273.45","134,289"
"22-Aug-2022","EQ","422.00","425.40","416.35","427.35","418.50","418.50","420.55","636.00","308.95","7,407,485","3,115,222,887.15","106,351"
"19-Aug-2022","EQ","442.00","442.00","425.10","438.05","426.35","427.35","432.86","636.00","308.95","8,116,871","3,513,487,464.15","81,468"
"18-Aug-2022","EQ","437.00","441.00","433.65","438.95","438.20","438.05","437.67","636.00","308.95","6,755,688","2,956,751,750.90","75,532"
"17-Aug-2022","EQ","430.95","442.40","426.60","428.90","438.00","438.95","436.15","636.00","308.95","12,297,570","5,363,540,430.80","124,976"
"16-Aug-2022","EQ","434.00","434.75","422.35","436.25","428.40","428.90","429.11","636.00","308.95","11,154,059","4,786,330,784.80","103,122"
"12-Aug-2022","EQ","435.65","442.70","433.00","433.50","436.45","436.25","438.92","636.00","308.95","9,420,634","4,134,931,402.10","103,864"
"11-Aug-2022","EQ","446.50","446.50","432.00","440.10","432.40","433.50","436.47","636.00","308.95","14,865,139","6,488,194,899.05","143,511"
"10-Aug-2022","EQ","423.05","444.40","416.60","421.40","440.10","440.10","432.63","636.00","308.95","23,766,201","10,281,987,989.35","201,001"
"08-Aug-2022","EQ","414.90","422.55","414.00","410.80","421.60","421.40","419.41","636.00","308.95","7,643,955","3,205,938,683.65","88,010"
"05-Aug-2022","EQ","422.95","426.50","409.05","421.70","412.35","410.80","415.94","636.00","308.95","12,217,436","5,081,720,188.90","127,116"
"04-Aug-2022","EQ","427.00","433.00","418.40","414.25","420.40","421.70","425.94","636.00","308.95","20,678,616","8,807,815,855.35","194,853"
"03-Aug-2022","EQ","417.00","422.50","409.60","418.40","414.70","414.25","414.23","636.00","308.95","6,883,530","2,851,359,916.15","113,661"
"02-Aug-2022","EQ","419.00","420.50","407.60","424.00","416.00","418.40","414.08","636.00","308.95","15,535,733","6,432,986,384.45","132,966"
"01-Aug-2022","EQ","420.00","428.00","418.85","415.05","423.50","424.00","423.75","636.00","308.95","15,535,311","6,583,051,208.20","161,142"
"29-Jul-2022","EQ","396.50","416.80","395.20","392.40","416.00","415.05","408.41","636.00","308.95","15,509,534","6,334,298,751.05","162,758"
"28-Jul-2022","EQ","394.00","395.25","385.90","388.65","391.75","392.40","391.34","636.00","308.95","7,586,494","2,968,913,078.40","86,593"
"27-Jul-2022","EQ","381.90","389.85","379.15","381.90","388.00","388.65","385.09","636.00","308.95","4,744,697","1,827,149,029.10","70,253"
"26-Jul-2022","EQ","387.40","389.40","381.05","387.05","382.45","381.90","384.82","636.00","308.95","5,532,712","2,129,087,357.15","63,071"
"25-Jul-2022","EQ","381.00","388.55","380.30","381.25","387.10","387.05","384.87","636.00","308.95","7,734,139","2,976,641,613.20","77,673"
"22-Jul-2022","EQ","378.75","382.00","376.75","375.95","381.25","381.25","379.91","636.00","308.95","9,498,042","3,608,427,019.90","96,446"
"21-Jul-2022","EQ","371.65","379.50","370.85","369.35","377.00","375.95","376.47","636.00","308.95","12,521,152","4,713,813,761.75","117,043"
"20-Jul-2022","EQ","375.00","376.20","367.40","367.95","368.50","369.35","370.90","636.00","308.95","10,150,339","3,764,793,588.80","100,049"
"19-Jul-2022","EQ","364.50","371.35","363.30","367.10","367.50","367.95","367.97","636.00","308.95","10,868,823","3,999,443,145.20","87,658"
"18-Jul-2022","EQ","355.90","368.10","354.20","350.55","367.20","367.10","363.29","636.00","308.95","13,863,266","5,036,393,190.75","132,021"
"15-Jul-2022","EQ","344.60","351.90","344.60","349.10","350.95","350.55","348.79","636.00","308.95","10,062,417","3,509,625,527.10","82,720"
"14-Jul-2022","EQ","354.50","354.50","346.50","348.90","348.40","349.10","348.91","636.00","308.95","9,511,166","3,318,509,816.85","96,501"
"13-Jul-2022","EQ","346.00","351.90","344.00","346.90","348.30","348.90","347.68","636.00","308.95","13,690,887","4,760,010,899.05","113,723"
"12-Jul-2022","EQ","350.00","356.00","341.60","356.20","346.30","346.90","347.23","636.00","308.95","16,896,696","5,867,047,814.35","137,153"
"11-Jul-2022","EQ","352.00","363.30","347.80","357.55","357.00","356.20","356.93","636.00","308.95","13,745,531","4,906,166,574.35","109,569"
"08-Jul-2022","EQ","368.00","368.00","351.10","361.65","355.70","357.55","360.65","636.00","308.95","25,506,273","9,198,911,410.85","206,765"
"07-Jul-2022","EQ","347.85","364.50","341.30","340.95","364.40","361.65","351.20","636.00","308.95","18,699,515","6,567,235,919.80","143,006"
"06-Jul-2022","EQ","339.80","342.30","327.80","345.25","341.75","340.95","334.47","636.00","308.95","22,317,536","7,464,642,906.40","186,715"
"05-Jul-2022","EQ","341.75","356.90","341.75","340.50","344.10","345.25","350.17","636.00","308.95","20,928,565","7,328,578,837.95","173,035"
"04-Jul-2022","EQ","338.00","342.00","326.65","341.15","340.20","340.50","334.16","636.00","308.95","10,905,377","3,644,156,151.15","100,692"
"01-Jul-2022","EQ","335.00","342.90","330.25","338.65","341.80","341.15","335.88","636.00","308.95","11,278,576","3,788,296,011.10","108,305"
"30-Jun-2022","EQ","345.00","349.90","337.05","344.15","337.70","338.65","341.96","636.00","308.95","21,225,418","7,258,316,775.00","250,433"
"29-Jun-2022","EQ","339.45","345.60","335.05","343.55","344.95","344.15","341.45","636.00","308.95","12,659,696","4,322,675,876.75","137,202"
"28-Jun-2022","EQ","328.45","345.25","325.30","329.95","344.65","343.55","335.87","636.00","308.95","15,742,835","5,287,493,536.15","141,655"
"27-Jun-2022","EQ","331.50","338.00","326.35","322.30","329.00","329.95","332.85","636.00","308.95","15,014,176","4,997,452,384.50","153,024"
"24-Jun-2022","EQ","321.70","324.95","316.60","317.60","322.25","322.30","321.51","636.00","308.95","11,621,311","3,736,363,635.85","113,270"
"23-Jun-2022","EQ","317.00","327.65","311.10","316.45","318.00","317.60","318.76","636.00","308.95","18,756,690","5,978,867,878.40","164,684"
"22-Jun-2022","EQ","334.00","334.00","315.45","339.25","319.25","316.45","321.01","636.00","308.95","19,176,515","6,155,837,465.15","193,044"
"21-Jun-2022","EQ","327.60","343.50","325.60","321.50","340.75","339.25","334.14","636.00","308.95","15,208,306","5,081,695,182.15","153,990"
"20-Jun-2022","EQ","331.00","334.60","308.95","333.70","323.50","321.50","317.37","636.00","308.95","20,646,347","6,552,598,414.65","248,601"
"17-Jun-2022","EQ","333.00","342.55","325.85","336.10","334.55","333.70","334.24","636.00","325.85","18,606,308","6,218,957,242.55","198,992"
"16-Jun-2022","EQ","360.40","363.75","332.30","357.50","333.40","336.10","347.32","636.00","332.30","16,614,475","5,770,461,003.55","172,799"
"15-Jun-2022","EQ","360.00","362.90","356.05","358.30","358.10","357.50","359.25","636.00","356.05","8,393,144","3,015,223,924.15","115,721"
"14-Jun-2022","EQ","363.85","369.60","357.35","366.45","358.50","358.30","363.16","636.00","357.35","11,273,145","4,093,941,235.60","122,936"
"13-Jun-2022","EQ","377.80","377.80","360.50","385.75","367.00","366.45","366.90","636.00","359.80","12,269,608","4,501,665,229.80","176,137"
"10-Jun-2022","EQ","390.00","391.80","382.75","399.75","385.75","385.75","386.66","636.00","359.80","14,541,630","5,622,722,472.30","158,464"
"09-Jun-2022","EQ","399.00","402.30","393.40","403.50","400.50","399.75","398.06","636.00","359.80","8,798,828","3,502,455,675.00","118,619"
"08-Jun-2022","EQ","402.00","407.00","401.10","404.20","402.50","403.50","404.12","636.00","359.80","6,911,005","2,792,864,999.35","89,374"
"07-Jun-2022","EQ","407.95","413.00","402.20","409.15","403.25","404.20","406.52","636.00","359.80","7,636,671","3,104,450,373.05","79,538"
"06-Jun-2022","EQ","402.60","410.70","395.95","406.75","410.20","409.15","404.96","636.00","359.80","8,810,058","3,567,751,995.20","80,127"